Year,Origin_Region,Region_Births,Total_Births,Share
1880,African_MiddleEastern,14,201484,0.0069484425562327526
1880,Anglo,169270,201484,84.01163367810844
1880,Asian,389,201484,0.19306743959818148
1880,Irish_Italian,453,201484,0.22483174842667408
1880,Latin,1898,201484,0.9420102836949832
1880,Other,29460,201484,14.621508407615494
1881,African_MiddleEastern,11,192699,0.0057083845790585315
1881,Anglo,161573,192699,83.84734741747492
1881,Asian,381,192699,0.19771768405648188
1881,Irish_Italian,390,192699,0.20238818053025703
1881,Latin,1848,192699,0.9590086092818334
1881,Other,28496,192699,14.787829724077447
1882,African_MiddleEastern,11,221538,0.0049652881221280325
1882,Anglo,184870,221538,83.44843773980085
1882,Asian,470,221538,0.21215321976365228
1882,Irish_Italian,487,221538,0.21982684686148649
1882,Latin,2067,221538,0.9330227771307856
1882,Other,33633,221538,15.181594128321102
1883,African_MiddleEastern,13,216950,0.005992164093109011
1883,Anglo,181017,216950,83.43719751094723
1883,Asian,443,216950,0.2041945148651763
1883,Irish_Italian,448,216950,0.20649919336252592
1883,Latin,2021,216950,0.9315510486287162
1883,Other,33008,216950,15.21456556810325
1884,African_MiddleEastern,6,243467,0.002464399692771505
1884,Anglo,201519,243467,82.77056028127015
1884,Asian,483,243467,0.19838417526810617
1884,Irish_Italian,505,243467,0.207420307474935
1884,Latin,2344,243467,0.9627588133094013
1884,Other,38610,243467,15.858412022984632
1885,African_MiddleEastern,15,240855,0.006227813414710096
1885,Anglo,199181,240855,82.69747358369143
1885,Asian,394,240855,0.16358389902638518
1885,Irish_Italian,504,240855,0.20925453073425918
1885,Latin,2372,240855,0.9848248946461564
1885,Other,38389,240855,15.938635278487057
1886,African_MiddleEastern,14,255319,0.00548333653194631
1886,Anglo,211668,255319,82.90334836028654
1886,Asian,436,255319,0.17076676628061366
1886,Irish_Italian,567,255319,0.22207512954382558
1886,Latin,2481,255319,0.971725566839914
1886,Other,40153,255319,15.726600840517158
1887,African_MiddleEastern,10,247396,0.0040421025400572365
1887,Anglo,204999,247396,82.86269786091933
1887,Asian,460,247396,0.18593671684263285
1887,Irish_Italian,516,247396,0.20857249106695339
1887,Latin,2364,247396,0.9555530404695306
1887,Other,39047,247396,15.783197788161491
1888,African_MiddleEastern,19,299480,0.0063443301722986515
1888,Anglo,247154,299480,82.52771470548952
1888,Asian,491,299480,0.1639508481367704
1888,Irish_Italian,613,299480,0.20468812608521436
1888,Latin,2895,299480,0.9666755709897156
1888,Other,48308,299480,16.130626419126486
1889,African_MiddleEastern,11,288950,0.003806887004672089
1889,Anglo,238978,288950,82.70565841841149
1889,Asian,492,288950,0.17027167329987888
1889,Irish_Italian,657,288950,0.2273749783699602
1889,Latin,2596,288950,0.898425333102613
1889,Other,46216,288950,15.994462709811385
1890,African_MiddleEastern,16,301402,0.005308524827307051
1890,Anglo,248650,301402,82.49779364436866
1890,Asian,468,301402,0.15527435119873126
1890,Irish_Italian,669,301402,0.22196269434177612
1890,Latin,2833,301402,0.9399406772350549
1890,Other,48766,301402,16.17972010802848
1891,African_MiddleEastern,5,286678,0.0017441170930451587
1891,Anglo,236445,286678,82.47755321301251
1891,Asian,410,286678,0.143017601629703
1891,Irish_Italian,582,286678,0.20301522963045646
1891,Latin,2632,286678,0.9181032377789715
1891,Other,46604,286678,16.256566600855315
1892,African_MiddleEastern,16,334383,0.004784932248349946
1892,Anglo,275661,334383,82.43870053202465
1892,Asian,528,334383,0.15790276419554822
1892,Irish_Italian,783,334383,0.23416262190362547
1892,Latin,3043,334383,0.9100343019830555
1892,Other,54352,334383,16.254414847644767
1893,African_MiddleEastern,14,325223,0.004304738594748834
1893,Anglo,268870,325223,82.67250471215135
1893,Asian,511,325223,0.15712295870833243
1893,Irish_Italian,793,325223,0.2438326932597018
1893,Latin,2933,325223,0.9018427355998807
1893,Other,52102,325223,16.020392161685983
1894,African_MiddleEastern,10,338694,0.002952517611767554
1894,Anglo,279295,338694,82.46234063786191
1894,Asian,538,338694,0.1588454475130944
1894,Irish_Italian,811,338694,0.23944917831434867
1894,Latin,3159,338694,0.9327003135573704
1894,Other,54881,338694,16.203711905141514
1895,African_MiddleEastern,22,351028,0.006267306311747211
1895,Anglo,289735,351028,82.53899973791265
1895,Asian,576,351028,0.16408947434392698
1895,Irish_Italian,807,351028,0.2298961906172727
1895,Latin,3123,351028,0.8896726187084791
1895,Other,56765,351028,16.171074672105927
1896,African_MiddleEastern,11,357490,0.00307700914710901
1896,Anglo,294195,357490,82.29460963943048
1896,Asian,528,357490,0.1476964390612325
1896,Irish_Italian,905,357490,0.25315393437578676
1896,Latin,3284,357490,0.9186270944641808
1896,Other,58567,357490,16.382835883521217
1897,African_MiddleEastern,19,346960,0.005476135577588194
1897,Anglo,286420,346960,82.55130274383214
1897,Asian,550,346960,0.1585197140880793
1897,Irish_Italian,914,346960,0.26343094304819
1897,Latin,3019,346960,0.8701291215125664
1897,Other,56038,346960,16.151141341941432
1898,African_MiddleEastern,12,381463,0.0031457834704807547
1898,Anglo,312912,381463,82.02944977625614
1898,Asian,609,381463,0.1596485111268983
1898,Irish_Italian,1048,381463,0.2747317564219859
1898,Latin,3379,381463,0.8858001955628725
1898,Other,63503,381463,16.647223977161612
1899,African_MiddleEastern,17,339235,0.005011275369581559
1899,Anglo,279655,339235,82.43695373413709
1899,Asian,482,339235,0.14208439577284182
1899,Irish_Italian,898,339235,0.2647132518755435
1899,Latin,3066,339235,0.9037982519492387
1899,Other,55117,339235,16.24743909089569
1900,African_MiddleEastern,10,450327,0.002220608579987431
1900,Anglo,368949,450327,81.92913149777829
1900,Asian,813,450327,0.1805354775529782
1900,Irish_Italian,1262,450327,0.2802408027944138
1900,Latin,4375,450327,0.9715162537445011
1900,Other,74918,450327,16.63635535954984
1901,African_MiddleEastern,8,345819,0.0023133488906046224
1901,Anglo,284376,345819,82.23261301432252
1901,Asian,519,345819,0.1500785092779749
1901,Irish_Italian,1000,345819,0.2891686113255778
1901,Latin,3492,345819,1.009776790748918
1901,Other,56424,345819,16.316049725434404
1902,African_MiddleEastern,8,386736,0.002068594596830913
1902,Anglo,318349,386736,82.31687766331555
1902,Asian,609,386736,0.15747176368375326
1902,Irish_Italian,1198,386736,0.3097720408754292
1902,Latin,3580,386736,0.9256960820818336
1902,Other,62992,386736,16.28811385544661
1903,African_MiddleEastern,15,381207,0.003934870031242869
1903,Anglo,314071,381207,82.38857103883193
1903,Asian,587,381207,0.1539845805559709
1903,Irish_Italian,1241,381207,0.32554491391815993
1903,Latin,3767,381207,0.988177027179459
1903,Other,61526,381207,16.139787569483246
1904,African_MiddleEastern,8,403496,0.0019826714515137696
1904,Anglo,331756,403496,82.22039375855027
1904,Asian,671,403496,0.16629656799571743
1904,Irish_Italian,1307,403496,0.3239189483910621
1904,Latin,3914,403496,0.9700220076531118
1904,Other,65840,403496,16.317386045958322
1905,African_MiddleEastern,16,423948,0.00377404776057441
1905,Anglo,348332,423948,82.16385028352533
1905,Asian,651,423948,0.1535565682583713
1905,Irish_Italian,1404,423948,0.3311726909904045
1905,Latin,4133,423948,0.9748837121533772
1905,Other,69412,423948,16.372762697311934
1906,African_MiddleEastern,12,428462,0.0028007151159262665
1906,Anglo,353612,428462,82.53053946440991
1906,Asian,586,428462,0.1367682548277327
1906,Irish_Italian,1521,428462,0.3549906409436543
1906,Latin,4223,428462,0.9856183278797186
1906,Other,68508,428462,15.989282596823056
1907,African_MiddleEastern,15,465399,0.003223040874604372
1907,Anglo,382467,465399,82.18045161248735
1907,Asian,708,465399,0.15212752928132636
1907,Irish_Italian,1670,465399,0.35883188403928673
1907,Latin,4713,465399,1.0126794428006936
1907,Other,75826,465399,16.29268649051674
1908,African_MiddleEastern,10,488657,0.0020464252021356495
1908,Anglo,402956,488657,82.46193137517727
1908,Asian,750,488657,0.1534818901601737
1908,Irish_Italian,1890,488657,0.3867743632036377
1908,Latin,4943,488657,1.0115479774156515
1908,Other,78108,488657,15.98421796884113
1909,African_MiddleEastern,14,511227,0.002738509507518187
1909,Anglo,420287,511227,82.21142467044972
1909,Asian,780,511227,0.15257410113315611
1909,Irish_Italian,2046,511227,0.40021360374158643
1909,Latin,5182,511227,1.0136397334256602
1909,Other,82918,511227,16.21940938174236
1910,African_MiddleEastern,13,590719,0.002200707950819256
1910,Anglo,484627,590719,82.04019169859103
1910,Asian,965,590719,0.16336024404158322
1910,Irish_Italian,2528,590719,0.4279530538208522
1910,Latin,6240,590719,1.056339816393243
1910,Other,96346,590719,16.309954479202464
1911,African_MiddleEastern,21,644267,0.003259518181126769
1911,Anglo,531133,644267,82.43988905220972
1911,Asian,904,644267,0.1403144969399333
1911,Irish_Italian,3072,644267,0.47682094535340164
1911,Latin,6561,644267,1.018366608874892
1911,Other,102576,644267,15.921349378440928
1912,African_MiddleEastern,44,988048,0.004453224944537108
1912,Anglo,812976,988048,82.28102278431817
1912,Asian,1347,988048,0.13632940909753372
1912,Irish_Italian,5335,988048,0.5399535245251242
1912,Latin,9296,988048,0.9408449791912944
1912,Other,159050,988048,16.09739607792334
1913,African_MiddleEastern,52,1137075,0.00457313721610272
1913,Anglo,935901,1137075,82.30776334014907
1913,Asian,1529,1137075,0.13446782314271266
1913,Irish_Italian,6153,1137075,0.5411252555900007
1913,Latin,10766,1137075,0.94681529362619
1913,Other,182674,1137075,16.065255150275927
1914,African_MiddleEastern,64,1416310,0.004518784729331856
1914,Anglo,1166227,1416310,82.34263685210159
1914,Asian,1861,1416310,0.13139778720760287
1914,Irish_Italian,8087,1416310,0.5709908141579174
1914,Latin,13299,1416310,0.9389893455528804
1914,Other,226772,1416310,16.01146641625068
1915,African_MiddleEastern,70,1832477,0.003819966089615313
1915,Anglo,1508048,1832477,82.2956031644599
1915,Asian,2366,1832477,0.12911485382899757
1915,Irish_Italian,10258,1832477,0.5597887449610555
1915,Latin,16301,1832477,0.8895609603831317
1915,Other,295434,1832477,16.12211231027729
1916,African_MiddleEastern,92,1934422,0.004755942601976198
1916,Anglo,1592278,1934422,82.31285624336365
1916,Asian,2491,1934422,0.12877231545133377
1916,Irish_Italian,10678,1934422,0.5519995119989329
1916,Latin,17026,1934422,0.8801595515352907
1916,Other,311857,1934422,16.121456435048813
1917,African_MiddleEastern,87,2006791,0.004335279558259929
1917,Anglo,1654012,2006791,82.42074037605312
1917,Asian,2488,2006791,0.1239790292063299
1917,Irish_Italian,11246,2006791,0.5603971714044961
1917,Latin,18224,2006791,0.9081164904566544
1917,Other,320734,2006791,15.982431653321147
1918,African_MiddleEastern,115,2171184,0.005296649201541648
1918,Anglo,1790377,2171184,82.46086006529157
1918,Asian,2671,2171184,0.12302043493319774
1918,Irish_Italian,11809,2171184,0.5438967862696115
1918,Latin,20329,2171184,0.9363094053751316
1918,Other,345883,2171184,15.930616658928953
1919,African_MiddleEastern,116,2110294,0.00549686441794366
1919,Anglo,1737990,2110294,82.35771887708538
1919,Asian,2674,2110294,0.12671220218604612
1919,Irish_Italian,11098,2110294,0.5258982871580927
1919,Latin,20988,2110294,0.9945533655500135
1919,Other,337428,2110294,15.989620403602531
1920,African_MiddleEastern,93,2262746,0.004110050354745959
1920,Anglo,1871110,2262746,82.6920034329969
1920,Asian,2869,2262746,0.12679284373942104
1920,Irish_Italian,12137,2262746,0.5363836683392657
1920,Latin,23733,2262746,1.0488583340772673
1920,Other,352804,2262746,15.591851670492401
1921,African_MiddleEastern,105,2334456,0.004497835898384891
1921,Anglo,1932953,2334456,82.80100374562639
1921,Asian,2820,2334456,0.12079902127090851
1921,Irish_Italian,13167,2334456,0.5640286216574654
1921,Latin,25828,2334456,1.1063819579379521
1921,Other,359583,2334456,15.403288817608898
1922,African_MiddleEastern,89,2289206,0.0038878108829000103
1922,Anglo,1892969,2289206,82.69107279991404
1922,Asian,2879,2289206,0.12576412957156324
1922,Irish_Italian,13068,2289206,0.5708529507610935
1922,Latin,27849,2289206,1.2165353402009256
1922,Other,352352,2289206,15.391886968669485
1923,African_MiddleEastern,91,2302498,0.003952229274466253
1923,Anglo,1909811,2302498,82.9451751966777
1923,Asian,2865,2302498,0.12443007550929468
1923,Irish_Italian,13630,2302498,0.591965769351374
1923,Latin,29913,2302498,1.2991542229352642
1923,Other,346188,2302498,15.035322506251905
1924,African_MiddleEastern,96,2381627,0.004030857896723542
1924,Anglo,1976496,2381627,82.98931780669265
1924,Asian,2926,2381627,0.1228571896438863
1924,Irish_Italian,13810,2381627,0.5798557036849179
1924,Latin,32874,2381627,1.3803169010092682
1924,Other,355425,2381627,14.923621541072551
1925,African_MiddleEastern,90,2333310,0.0038571814289571466
1925,Anglo,1938089,2333310,83.06178776073475
1925,Asian,3076,2333310,0.1318298897274687
1925,Irish_Italian,13559,2333310,0.5811058110581105
1925,Latin,36525,2333310,1.5653727965851085
1925,Other,341971,2333310,14.656046560465605
1926,African_MiddleEastern,78,2295809,0.003397495174903487
1926,Anglo,1909707,2295809,83.18231176896684
1926,Asian,2872,2295809,0.1250975146451643
1926,Irish_Italian,13711,2295809,0.5972186710654066
1926,Latin,37419,2295809,1.6298829737142768
1926,Other,332022,2295809,14.462091576433405
1927,African_MiddleEastern,92,2319047,0.003967146849546388
1927,Anglo,1931370,2319047,83.28291750878701
1927,Asian,2898,2319047,0.1249651257607112
1927,Irish_Italian,13947,2319047,0.6014108381589506
1927,Latin,39625,2319047,1.708676020796474
1927,Other,331115,2319047,14.278063359647303
1928,African_MiddleEastern,86,2260635,0.0038042408438337017
1928,Anglo,1885740,2260635,83.41638521919727
1928,Asian,2798,2260635,0.12377053350054298
1928,Irish_Italian,13674,2260635,0.6048742941695585
1928,Latin,42165,2260635,1.8651838974447448
1928,Other,316172,2260635,13.98598181484406
1929,African_MiddleEastern,77,2191735,0.003513198447805049
1929,Anglo,1832008,2191735,83.58711249307056
1929,Asian,2708,2191735,0.12355508307345552
1929,Irish_Italian,13624,2191735,0.6216079954921558
1929,Latin,43293,2191735,1.975284420789922
1929,Other,300025,2191735,13.688926809126103
1930,African_MiddleEastern,74,2222937,0.0033289292499067676
1930,Anglo,1863160,2222937,83.81524082778775
1930,Asian,2841,2222937,0.12780389187817737
1930,Irish_Italian,13741,2222937,0.6181461732833634
1930,Latin,44693,2222937,2.010538310352475
1930,Other,298428,2222937,13.424941867448334
1931,African_MiddleEastern,53,2103624,0.0025194616528429036
1931,Anglo,1772151,2103624,84.24276391598498
1931,Asian,2598,2103624,0.12350115800162006
1931,Irish_Italian,13012,2103624,0.6185516042790917
1931,Latin,40553,2103624,1.9277684605233634
1931,Other,275257,2103624,13.084895399558096
1932,African_MiddleEastern,73,2110802,0.003458401119574455
1932,Anglo,1781015,2110802,84.37622287642328
1932,Asian,2773,2110802,0.13137186718602692
1932,Irish_Italian,13156,2110802,0.6232702072482402
1932,Latin,37621,2110802,1.7823083358837069
1932,Other,276164,2110802,13.083368312139177
1933,African_MiddleEastern,62,1998837,0.003101803698850882
1933,Anglo,1690050,1998837,84.55166679424086
1933,Asian,2742,1998837,0.1371797700362761
1933,Irish_Italian,13054,1998837,0.6530797658838614
1933,Latin,33327,1998837,1.667319546316183
1933,Other,259602,1998837,12.987652319823978
1934,African_MiddleEastern,49,2076330,0.0023599331512813475
1934,Anglo,1762698,2076330,84.89488665096589
1934,Asian,2838,2076330,0.1366834751701319
1934,Irish_Italian,13375,2076330,0.6441654264977147
1934,Latin,33454,2076330,1.611208237611555
1934,Other,263916,2076330,12.71069627660343
1935,African_MiddleEastern,76,2089358,0.0036374809869826044
1935,Anglo,1781852,2089358,85.28227331074905
1935,Asian,2943,2089358,0.14085666506170796
1935,Irish_Italian,13608,2089358,0.6513005430376221
1935,Latin,32282,2089358,1.5450679108127952
1935,Other,258597,2089358,12.376864089351848
1936,African_MiddleEastern,52,2077176,0.002503398845355425
1936,Anglo,1777681,2077176,85.58162620788994
1936,Asian,2936,2077176,0.14134575019160628
1936,Irish_Italian,14149,2077176,0.6811651973641136
1936,Latin,30391,2077176,1.463092198253783
1936,Other,251967,2077176,12.130267247455198
1937,African_MiddleEastern,122,2130181,0.005727212851865639
1937,Anglo,1825931,2130181,85.71717614606459
1937,Asian,3021,2130181,0.14181893463513195
1937,Irish_Italian,15471,2130181,0.7262763117312566
1937,Latin,30313,2130181,1.4230246162180584
1937,Other,255323,2130181,11.985976778499104
1938,African_MiddleEastern,245,2212118,0.011075358547780904
1938,Anglo,1902260,2212118,85.99270020857838
1938,Asian,3097,2212118,0.14000157315296924
1938,Irish_Italian,16844,2212118,0.7614422015462105
1938,Latin,30350,2212118,1.3719882935720427
1938,Other,259322,2212118,11.722792364602611
1939,African_MiddleEastern,444,2203062,0.020153767801360106
1939,Anglo,1901042,2203062,86.29089875818293
1939,Asian,3150,2203062,0.142982812104244
1939,Irish_Italian,17673,2203062,0.8022016629581917
1939,Latin,29221,2203062,1.3263811912692425
1939,Other,251532,2203062,11.417381807684032
1940,African_MiddleEastern,395,2302225,0.01715731520594208
1940,Anglo,1991135,2302225,86.48741977869236
1940,Asian,3213,2302225,0.1395606424220048
1940,Irish_Italian,19776,2302225,0.8589951025638242
1940,Latin,32178,2302225,1.3976913637893777
1940,Other,255528,2302225,11.099175797326499
1941,African_MiddleEastern,394,2435860,0.01617498542609181
1941,Anglo,2114144,2435860,86.7925086006585
1941,Asian,3354,2435860,0.13769264243429427
1941,Irish_Italian,22569,2435860,0.9265310814250409
1941,Latin,35014,2435860,1.4374389332720272
1941,Other,260385,2435860,10.68965375678405
1942,African_MiddleEastern,380,2731319,0.01391269199972614
1942,Anglo,2375729,2731319,86.98101539951942
1942,Asian,3651,2731319,0.13367168023947404
1942,Irish_Italian,29678,2731319,1.0865812451786114
1942,Latin,38941,2731319,1.42572141884562
1942,Other,282940,2731319,10.35909756421714
1943,African_MiddleEastern,379,2821928,0.01343053401787714
1943,Anglo,2458098,2821928,87.10704171049014
1943,Asian,3552,2821928,0.12587139005672715
1943,Irish_Italian,31785,2821928,1.1263575824755274
1943,Latin,41342,2821928,1.465026747670387
1943,Other,286772,2821928,10.162272035289348
1944,African_MiddleEastern,357,2689659,0.013273058034494337
1944,Anglo,2342572,2689659,87.09550169742707
1944,Asian,3750,2689659,0.13942287851359597
1944,Irish_Italian,31768,2689659,1.1811162678986444
1944,Latin,42538,2689659,1.5815387749896919
1944,Other,268674,2689659,9.989147323136502
1945,African_MiddleEastern,417,2652638,0.015720200042372914
1945,Anglo,2307399,2652638,86.98506920280867
1945,Asian,3892,2652638,0.14672186706214718
1945,Irish_Italian,33132,2652638,1.249020786100478
1945,Latin,46495,2652638,1.7527834555638575
1945,Other,261303,2652638,9.85068448842247
1946,African_MiddleEastern,525,3194834,0.016432778667060638
1946,Anglo,2789405,3194834,87.30985710055671
1946,Asian,4748,3194834,0.14861492021181696
1946,Irish_Italian,43740,3194834,1.369085216947109
1946,Latin,52370,3194834,1.6392087977027914
1946,Other,304046,3194834,9.516801185914511
1947,African_MiddleEastern,677,3601867,0.018795807840767027
1947,Anglo,3146622,3601867,87.36086035381095
1947,Asian,5323,3601867,0.14778446844372653
1947,Irish_Italian,52945,3601867,1.469932121313752
1947,Latin,58148,3601867,1.6143849842317888
1947,Other,338152,3601867,9.388242264359011
1948,African_MiddleEastern,785,3452283,0.02273857618277528
1948,Anglo,3006197,3452283,87.07852166233185
1948,Asian,5034,3452283,0.14581655096062518
1948,Irish_Italian,55715,3452283,1.613859582195318
1948,Latin,60597,3452283,1.75527324961482
1948,Other,323955,3452283,9.383790378714608
1949,African_MiddleEastern,853,3484550,0.02447948802571351
1949,Anglo,3030341,3484550,86.96506005079566
1949,Asian,5271,3484550,0.1512677390193856
1949,Irish_Italian,62349,3484550,1.7892984746954412
1949,Latin,62174,3484550,1.7842763054052893
1949,Other,323562,3484550,9.285617942058517
1950,African_MiddleEastern,893,3503853,0.02548622901702783
1950,Anglo,3044508,3503853,86.89028906178426
1950,Asian,5505,3503853,0.15711275558649293
1950,Irish_Italian,65360,3503853,1.8653750599696963
1950,Latin,62665,3503853,1.7884597327570535
1950,Other,324922,3503853,9.27327716088546
1951,African_MiddleEastern,957,3681122,0.025997508368372467
1951,Anglo,3199864,3681122,86.92632300695277
1951,Asian,6619,3681122,0.17980930814028984
1951,Irish_Italian,71461,3681122,1.9412831196575393
1951,Latin,66413,3681122,1.8041510169997084
1951,Other,335808,3681122,9.122436039881318
1952,African_MiddleEastern,1008,3798975,0.026533472844648884
1952,Anglo,3295940,3798975,86.75866516626195
1952,Asian,8242,3798975,0.21695325712856758
1952,Irish_Italian,76788,3798975,2.0212820563441456
1952,Latin,69745,3798975,1.8358899439980523
1952,Other,347252,3798975,9.140676103422633
1953,African_MiddleEastern,1220,3850103,0.03168746394576977
1953,Anglo,3327696,3850103,86.43135001842808
1953,Asian,8910,3850103,0.2314223801285316
1953,Irish_Italian,79602,3850103,2.0675291024681677
1953,Latin,72233,3850103,1.876131625569498
1953,Other,360442,3850103,9.361879409459954
1954,African_MiddleEastern,1315,3979056,0.03304803953500529
1954,Anglo,3426482,3979056,86.11293733991178
1954,Asian,11017,3979056,0.2768747160130443
1954,Irish_Italian,88943,3979056,2.2352789204273575
1954,Latin,75633,3979056,1.9007774708373042
1954,Other,375666,3979056,9.441083513275512
1955,African_MiddleEastern,1366,4012582,0.03404291800142651
1955,Anglo,3435091,4012582,85.6079950515653
1955,Asian,14587,4012582,0.36353151163016734
1955,Irish_Italian,95985,4012582,2.3921006474135607
1955,Latin,78135,4012582,1.9472499253597806
1955,Other,387418,4012582,9.655079946029764
1956,African_MiddleEastern,1501,4121206,0.03642137762586971
1956,Anglo,3503491,4121206,85.01130494326176
1956,Asian,18296,4121206,0.44394771821646384
1956,Irish_Italian,108928,4121206,2.6431098081483912
1956,Latin,81095,4121206,1.9677492462157922
1956,Other,407895,4121206,9.89746690653173
1957,African_MiddleEastern,1502,4200026,0.03576168338005527
1957,Anglo,3554047,4200026,84.61964283078247
1957,Asian,18840,4200026,0.44856865171787036
1957,Irish_Italian,117590,4200026,2.799744573009786
1957,Latin,84055,4200026,2.0012971348272606
1957,Other,423992,4200026,10.094985126282552
1958,African_MiddleEastern,1629,4131596,0.03942786274359836
1958,Anglo,3474813,4131596,84.10340701268953
1958,Asian,17179,4131596,0.4157957360787453
1958,Irish_Italian,124040,4131596,3.0022296468483365
1958,Latin,82008,4131596,1.9848988139208188
1958,Other,431927,4131596,10.454240927718974
1959,African_MiddleEastern,1924,4156553,0.046288354797833685
1959,Anglo,3473458,4156553,83.5658296670342
1959,Asian,17748,4156553,0.4269884204531976
1959,Irish_Italian,132472,4156553,3.187063896454586
1959,Latin,84961,4156553,2.0440254220263765
1959,Other,445990,4156553,10.729804239233808
1960,African_MiddleEastern,1717,4154810,0.041325596116308566
1960,Anglo,3450432,4154810,83.04668564868189
1960,Asian,18608,4154810,0.4478664487666103
1960,Irish_Italian,141045,4154810,3.394740072349879
1960,Latin,89023,4154810,2.142649122342538
1960,Other,453985,4154810,10.926733111742776
1961,African_MiddleEastern,1757,4139818,0.04244147931140934
1961,Anglo,3421719,4139818,82.65385096639514
1961,Asian,17087,4139818,0.4127476135424311
1961,Irish_Italian,148514,4139818,3.587452395250226
1961,Latin,89104,4139818,2.1523651522844722
1961,Other,461637,4139818,11.15114239321632
1962,African_MiddleEastern,1741,4035493,0.04314218857522489
1962,Anglo,3321306,4035493,82.30236057899245
1962,Asian,17206,4035493,0.4263667413126475
1962,Irish_Italian,149999,4035493,3.7169931901752773
1962,Latin,90043,4035493,2.231276327328532
1962,Other,455198,4035493,11.279860973615863
1963,African_MiddleEastern,1750,3958972,0.044203394214457695
1963,Anglo,3239882,3958972,81.83644643104321
1963,Asian,16027,3958972,0.4048273137572077
1963,Irish_Italian,158721,3958972,4.00914681892168
1963,Latin,89512,3958972,2.2609909845283065
1963,Other,453080,3958972,11.444385057535138
1964,African_MiddleEastern,1725,3887864,0.044368835946936414
1964,Anglo,3165314,3887864,81.41524497770499
1964,Asian,15070,3887864,0.38761643925816336
1964,Irish_Italian,163664,3887864,4.2096122703880585
1964,Latin,88869,3887864,2.285805264793213
1964,Other,453222,3887864,11.657352211908648
1965,African_MiddleEastern,1743,3626379,0.048064474231733635
1965,Anglo,2937133,3626379,80.9935475580462
1965,Asian,14768,3626379,0.4072381844258418
1965,Irish_Italian,163698,3626379,4.514089674576209
1965,Latin,84474,3626379,2.3294310936611975
1965,Other,424563,3626379,11.707629015058824
1966,African_MiddleEastern,1825,3475832,0.05250541453096697
1966,Anglo,2794625,3475832,80.40161319649512
1966,Asian,13924,3475832,0.4005947353036625
1966,Irish_Italian,166578,3475832,4.792464077665434
1966,Latin,83787,3475832,2.410559543729386
1966,Other,415093,3475832,11.942263032275438
1967,African_MiddleEastern,1847,3395291,0.05439887184927596
1967,Anglo,2708244,3395291,79.76470941665971
1967,Asian,11961,3395291,0.35228202825619365
1967,Irish_Italian,169533,3395291,4.993180260543205
1967,Latin,84474,3395291,2.4879752574963385
1967,Other,419232,3395291,12.347454165195266
1968,African_MiddleEastern,1783,3379031,0.05276660675797292
1968,Anglo,2667690,3379031,78.94837306908401
1968,Asian,10531,3379031,0.31165739527101116
1968,Irish_Italian,177702,3379031,5.2589632945066205
1968,Latin,84817,3379031,2.5100983092490123
1968,Other,436508,3379031,12.918141325131376
1969,African_MiddleEastern,2703,3476679,0.07774660818557019
1969,Anglo,2721465,3476679,78.27771847789226
1969,Asian,9707,3476679,0.2792032281381169
1969,Irish_Italian,184509,3476679,5.307047328787041
1969,Latin,89321,3476679,2.569147166016765
1969,Other,468974,3476679,13.489137190980244
1970,African_MiddleEastern,3130,3607741,0.08675789087963909
1970,Anglo,2798156,3607741,77.55978048313335
1970,Asian,8807,3607741,0.24411397603098448
1970,Irish_Italian,193669,3607741,5.368151427721669
1970,Latin,94507,3607741,2.6195616592211026
1970,Other,509472,3607741,14.121634563013256
1971,African_MiddleEastern,2732,3432676,0.07958805316901449
1971,Anglo,2625282,3432676,76.47916669094316
1971,Asian,7302,3432676,0.2127203383016632
1971,Irish_Italian,188311,3432676,5.4858367058236785
1971,Latin,94427,3432676,2.750827634183943
1971,Other,514622,3432676,14.991860577578542
1972,African_MiddleEastern,2633,3143851,0.08375078844385438
1972,Anglo,2373495,3143851,75.49642142709689
1972,Asian,5916,3143851,0.1881768569820898
1972,Irish_Italian,178141,3143851,5.666330878912518
1972,Latin,90709,3143851,2.8852830493557104
1972,Other,492957,3143851,15.680036999208932
1973,African_MiddleEastern,2814,3017477,0.09325671744971048
1973,Anglo,2259374,3017477,74.87626251997945
1973,Asian,5146,3017477,0.17053982515856791
1973,Irish_Italian,169654,3017477,5.62237922608855
1973,Latin,90661,3017477,3.004529943393106
1973,Other,489828,3017477,16.233031767930626
1974,African_MiddleEastern,2844,3040518,0.09353669341868721
1974,Anglo,2263078,3040518,74.4306726682756
1974,Asian,4820,3040518,0.15852561964770476
1974,Irish_Italian,173059,3040518,5.691760417139448
1974,Latin,93374,3040518,3.0709898773827358
1974,Other,503343,3040518,16.55451472413582
1975,African_MiddleEastern,2812,3019906,0.09311548107788785
1975,Anglo,2227952,3019906,73.77554135790982
1975,Asian,4091,3019906,0.13546779270613057
1975,Irish_Italian,169146,3019906,5.601035264011529
1975,Latin,94409,3019906,3.1262231340975513
1975,Other,521496,3019906,17.268616970197083
1976,African_MiddleEastern,3089,3035000,0.10177924217462933
1976,Anglo,2230946,3035000,73.50728171334431
1976,Asian,3796,3035000,0.12507413509060955
1976,Irish_Italian,174882,3035000,5.762174629324547
1976,Latin,95282,3035000,3.1394398682042834
1976,Other,527005,3035000,17.364250411861615
1977,African_MiddleEastern,3083,3176681,0.09705097867869011
1977,Anglo,2320409,3176681,73.04507440312705
1977,Asian,3792,3176681,0.11936987062912519
1977,Irish_Italian,192059,3176681,6.0459013668668655
1977,Latin,96176,3176681,3.0275624149859555
1977,Other,561162,3176681,17.66504096571233
1978,African_MiddleEastern,2946,3173908,0.09281932557591462
1978,Anglo,2330493,3173908,73.4266084587203
1978,Asian,3412,3173908,0.10750154068737972
1978,Irish_Italian,183555,3173908,5.783248915847592
1978,Latin,97881,3173908,3.08392681829467
1978,Other,555621,3173908,17.505894940874153
1979,African_MiddleEastern,2946,3326998,0.08854829488926655
1979,Anglo,2444284,3326998,73.46815357268024
1979,Asian,3596,3326998,0.10808542716286575
1979,Irish_Italian,182979,3326998,5.499822963524474
1979,Latin,104117,3326998,3.1294578475851202
1979,Other,589076,3326998,17.705931894158038
1980,African_MiddleEastern,2844,3443809,0.08258297716278691
1980,Anglo,2542683,3443809,73.8334501129418
1980,Asian,3573,3443809,0.10375139852413418
1980,Irish_Italian,182651,3443809,5.303749423966312
1980,Latin,109807,3443809,3.188533394273608
1980,Other,602251,3443809,17.487932693131356
1981,African_MiddleEastern,2808,3458372,0.08119427291222575
1981,Anglo,2561150,3458372,74.05652139214635
1981,Asian,3386,3458372,0.09790733906011267
1981,Irish_Italian,179996,3458372,5.204645422759611
1981,Latin,114710,3458372,3.3168785775503618
1981,Other,596322,3458372,17.242852995571326
1982,African_MiddleEastern,2833,3506648,0.08078940344169132
1982,Anglo,2605324,3506648,74.29670728285245
1982,Asian,3252,3506648,0.09273813624863403
1982,Irish_Italian,180387,3506648,5.14414335285435
1982,Latin,114113,3506648,3.25419032648843
1982,Other,600739,3506648,17.131431498114438
1983,African_MiddleEastern,2542,3461793,0.07343015599141832
1983,Anglo,2582844,3461793,74.6100070108178
1983,Asian,2782,3461793,0.08036297953112737
1983,Irish_Italian,179413,3461793,5.182661123874246
1983,Latin,110608,3461793,3.1951072753339096
1983,Other,583604,3461793,16.858431454451495
1984,African_MiddleEastern,2481,3486803,0.07115400554605465
1984,Anglo,2599534,3486803,74.55350933218769
1984,Asian,3002,3486803,0.08609605991505687
1984,Irish_Italian,176624,3486803,5.0654998289263835
1984,Latin,109477,3486803,3.139752948474577
1984,Other,595685,3486803,17.08398782495025
1985,African_MiddleEastern,2559,3567068,0.07173959117123643
1985,Anglo,2650227,3567068,74.2970697502823
1985,Asian,2755,3567068,0.07723429999091691
1985,Irish_Italian,176556,3567068,4.9496112773852365
1985,Latin,112691,3567068,3.159205263258228
1985,Other,622280,3567068,17.44513981791208
1986,African_MiddleEastern,2638,3554828,0.07420893500332505
1986,Anglo,2629484,3554828,73.96937348304897
1986,Asian,2580,3554828,0.07257735114047711
1986,Irish_Italian,171793,3554828,4.8326670094868165
1986,Latin,113125,3554828,3.182291801459874
1986,Other,635208,3554828,17.86888141986054
1987,African_MiddleEastern,2576,3603553,0.07148500382816626
1987,Anglo,2657849,3603553,73.7563454734813
1987,Asian,2409,3603553,0.06685068875079679
1987,Irish_Italian,168661,3603553,4.680408474636005
1987,Latin,114466,3603553,3.176476105665714
1987,Other,657592,3603553,18.248434253638006
1988,African_MiddleEastern,2684,3692441,0.07268904228936901
1988,Anglo,2703669,3692441,73.2217251406319
1988,Asian,2392,3692441,0.06478099446951217
1988,Irish_Italian,166335,3692441,4.504743609985915
1988,Latin,119618,3692441,3.2395372058754632
1988,Other,697743,3692441,18.89652400674784
1989,African_MiddleEastern,2822,3843104,0.07343022723298667
1989,Anglo,2773994,3843104,72.18108070975961
1989,Asian,2107,3843104,0.05482547440818672
1989,Irish_Italian,168216,3843104,4.377086854792376
1989,Latin,132499,3843104,3.447707894451985
1989,Other,763466,3843104,19.865868839354857
1990,African_MiddleEastern,3158,3950252,0.07994426684677332
1990,Anglo,2819680,3950252,71.37974995012976
1990,Asian,1966,3950252,0.04976897676401404
1990,Irish_Italian,166805,3950252,4.2226419985357895
1990,Latin,145055,3950252,3.672044213888127
1990,Other,813588,3950252,20.595850593835532
1991,African_MiddleEastern,3217,3893897,0.08261646366095457
1991,Anglo,2750506,3893897,70.63633167492618
1991,Asian,1727,3893897,0.04435145562401882
1991,Irish_Italian,159225,3893897,4.089091211195366
1991,Latin,148928,3893897,3.824651756325347
1991,Other,830294,3893897,21.32295743826814
1992,African_MiddleEastern,3491,3839692,0.09091875077480173
1992,Anglo,2671774,3839692,69.5830290554555
1992,Asian,1513,3839692,0.039404202212052424
1992,Irish_Italian,155582,3839692,4.051939582654025
1992,Latin,152526,3839692,3.972349865562134
1992,Other,854806,3839692,22.2623585433415
1993,African_MiddleEastern,3704,3768776,0.09828124568825529
1993,Anglo,2593042,3768776,68.80329316467734
1993,Asian,1371,3768776,0.03637785848774244
1993,Irish_Italian,149747,3768776,3.9733589897621933
1993,Latin,153840,3768776,4.081961888952805
1993,Other,867072,3768776,23.006726852431665
1994,African_MiddleEastern,4960,3716231,0.13346855994689244
1994,Anglo,2537569,3716231,68.28340326529757
1994,Asian,1246,3716231,0.03352859388988467
1994,Irish_Italian,140654,3716231,3.7848562158810903
1994,Latin,153608,3716231,4.133435192806906
1994,Other,878194,3716231,23.631308172177672
1995,African_MiddleEastern,4733,3660759,0.12929012808545987
1995,Anglo,2480255,3660759,67.75247974532057
1995,Asian,1043,3660759,0.02849135930554292
1995,Irish_Italian,134095,3660759,3.663038184157984
1995,Latin,152640,3660759,4.169627118310712
1995,Other,887993,3660759,24.25707346481973
1996,African_MiddleEastern,4254,3645627,0.1166877467168199
1996,Anglo,2439515,3645627,66.91619850302843
1996,Asian,992,3645627,0.027210682826301208
1996,Irish_Italian,129219,3645627,3.5444931694877178
1996,Latin,155573,3645627,4.267386652556611
1996,Other,916074,3645627,25.128023245384128
1997,African_MiddleEastern,4899,3623928,0.13518480499612576
1997,Anglo,2391503,3623928,65.99201198257802
1997,Asian,816,3623928,0.02251700364907912
1997,Irish_Italian,123814,3623928,3.4165689826067185
1997,Latin,159942,3623928,4.41349828142281
1997,Other,942954,3623928,26.02021894474725
1998,African_MiddleEastern,4714,3676165,0.12823145859883872
1998,Anglo,2391042,3676165,65.04174867014946
1998,Asian,820,3676165,0.022305854062589683
1998,Irish_Italian,120508,3676165,3.278090074847021
1998,Latin,162788,3676165,4.428201672122987
1998,Other,996293,3676165,27.1014222702191
1999,African_MiddleEastern,4672,3691441,0.12656304137056504
1999,Anglo,2363470,3691441,64.02567452656022
1999,Asian,753,3691441,0.020398538131856908
1999,Irish_Italian,119690,3691441,3.242365244358504
1999,Latin,168286,3691441,4.558815920395314
1999,Other,1034570,3691441,28.026182729183535
2000,African_MiddleEastern,5492,3777007,0.14540613771698066
2000,Anglo,2381097,3777007,63.04190063719766
2000,Asian,702,3777007,0.018586145061420326
2000,Irish_Italian,119539,3777007,3.164913382474536
2000,Latin,174058,3777007,4.608357887607833
2000,Other,1096119,3777007,29.020835809941577
2001,African_MiddleEastern,7561,3740300,0.20214956019570623
2001,Anglo,2314722,3740300,61.885998449322244
2001,Asian,695,3740300,0.01858139721412721
2001,Irish_Italian,117664,3740300,3.1458439162634013
2001,Latin,177683,3740300,4.750501296687432
2001,Other,1121975,3740300,29.996925380317087
2002,African_MiddleEastern,8936,3735021,0.2392489894969801
2002,Anglo,2277143,3735021,60.96734128134755
2002,Asian,606,3735021,0.016224808374571388
2002,Irish_Italian,116902,3735021,3.1298886940662447
2002,Latin,182124,3735021,4.876117162393465
2002,Other,1149310,3735021,30.771179064321192
2003,African_MiddleEastern,8485,3798793,0.22336042000709175
2003,Anglo,2276836,3798793,59.93577433674327
2003,Asian,547,3798793,0.014399310517840798
2003,Irish_Italian,122039,3798793,3.2125730462281044
2003,Latin,186015,3798793,4.896686921345807
2003,Other,1204871,3798793,31.71720596515788
2004,African_MiddleEastern,8655,3816939,0.2267523793280427
2004,Anglo,2247634,3816939,58.88577208071703
2004,Asian,564,3816939,0.014776238236974708
2004,Irish_Italian,118947,3816939,3.116292924775586
2004,Latin,188079,3816939,4.927482466971571
2004,Other,1253060,3816939,32.82892390997079
2005,African_MiddleEastern,9218,3840220,0.2400383311372786
2005,Anglo,2217774,3840220,57.751222586206
2005,Asian,492,3840220,0.01281176599257334
2005,Irish_Italian,113470,3840220,2.954778632474181
2005,Latin,190209,3840220,4.953075605043461
2005,Other,1309057,3840220,34.08807307914651
2006,African_MiddleEastern,10645,3950840,0.26943637302447077
2006,Anglo,2231784,3950840,56.48884794119732
2006,Asian,513,3950840,0.012984580494274634
2006,Irish_Italian,111583,3950840,2.8242854684067185
2006,Latin,197028,3950840,4.986990108432638
2006,Other,1399287,3950840,35.417455528444584
2007,African_MiddleEastern,11493,3991547,0.2879334754169248
2007,Anglo,2208910,3991547,55.33969661386926
2007,Asian,517,3991547,0.012952371599282182
2007,Irish_Italian,107903,3991547,2.7032877227801655
2007,Latin,193789,3991547,4.85498479662146
2007,Other,1468935,3991547,36.80114501971291
2008,African_MiddleEastern,12208,3923523,0.31114893426137685
2008,Anglo,2128701,3923523,54.254836788264015
2008,Asian,446,3923523,0.011367334918133526
2008,Irish_Italian,100391,3923523,2.5586953357989746
2008,Latin,179120,3923523,4.565284821829769
2008,Other,1502657,3923523,38.29866678492773
2009,African_MiddleEastern,12471,3812228,0.32713153567939796
2009,Anglo,2023275,3812228,53.07329467177724
2009,Asian,466,3812228,0.012223822919300733
2009,Irish_Italian,93447,3812228,2.451243734634969
2009,Latin,166109,3812228,4.357268243137609
2009,Other,1516460,3812228,39.77883799185148
2010,African_MiddleEastern,13049,3686589,0.35395863222073304
2010,Anglo,1925918,3686589,52.24119097626559
2010,Asian,444,3686589,0.012043653360870984
2010,Irish_Italian,87804,3686589,2.381713828148459
2010,Latin,151693,3686589,4.114725020879734
2010,Other,1507681,3686589,40.896367889124605
2011,African_MiddleEastern,13344,3646730,0.3659168625042161
2011,Anglo,1879999,3646730,51.55300776311928
2011,Asian,428,3646730,0.011736542052743142
2011,Irish_Italian,84358,3646730,2.313250501133892
2011,Latin,138929,3646730,3.809687034685869
2011,Other,1529672,3646730,41.94640129650399
2012,African_MiddleEastern,13959,3643336,0.3831378714452908
2012,Anglo,1842156,3643336,50.56234176589807
2012,Asian,474,3643336,0.013010054521460552
2012,Irish_Italian,82587,3643336,2.26679614507144
2012,Latin,131265,3643336,3.6028793391551037
2012,Other,1572895,3643336,43.17183482390864
2013,African_MiddleEastern,13856,3626802,0.38204456708692675
2013,Anglo,1809125,3626802,49.88209998781296
2013,Asian,455,3626802,0.012545487732718796
2013,Irish_Italian,79374,3626802,2.1885396555974106
2013,Latin,125288,3626802,3.454503444081039
2013,Other,1598704,3626802,44.08026685768895
2014,African_MiddleEastern,13347,3670151,0.36366351139231057
2014,Anglo,1801581,3670151,49.08738087343
2014,Asian,458,3670151,0.012479050589471657
2014,Irish_Italian,77205,3670151,2.1035919230571167
2014,Latin,124251,3670151,3.3854465388481287
2014,Other,1653309,3670151,45.04743810268297
